Publication Year,Author,Title,image,URL,LM,EM,DOI,analysis,proofreading,segmentation,acquisition,alignment,Executable,Dataset,Github,Publication Title
2022,University G. M.:,neuromorpgo.org,neuromorpho.png, http://neuromorpho.org/,yes,yes,,,,,,,no,no,no,
2020,"Schneider-Mizell C. M., Bodor A. L., Collman F., Brittain D., Bleckert A. A., Dorkenwald S., Turner N. L., Macrina T., Lee K., Lu R., Wu J., Zhuang et al.
","Chandelier cell anatomy and function
reveal a variably distributed but common signal.",chandelier_cells.png,https://www.biorxiv.org/content/10.1101/2020.03.31.018952v1,no,yes,,,,,,,no,yes,no,
2021,"Dorkenwald S., Turner N. L., Macrina T., Lee K., Lu R., Wu J., Bodor A. L., Bleckert A. A., Brittain D., Kemnitz N., Silversmith W. M., Ih D., Zung J., et al.","Binary and analog variation
of synapses between cortical pyramidal neurons.",binary.png,https://www.biorxiv.org/content/10.1101/2019.12.29.890319v2,no,yes,,,,,,,no,yes,no,
2016,"Bloss, E. B.; Cembrowski, M.S.; Karsh, B.; Colonell, J.; Fetter, R. D.; Spruston, N.;",Structured dendritic inhibition supports branch-selective integration in CA1 pyramidal cells.,ca1_pyramidal_cells.png,https://doi.org/10.1016/j.neuron.2016.01.029,no,yes,,,,,,,no,yes,no,
2014,"Weiler, N.; Collman, Forrest; Vogelstein, J; Burns, R; Smith, S. J.",Synaptic molecular imaging in spared and deprived columns of mouse barrel cortex array tomography.,synaptic_molecular.png,http://www.nature.com/articles/sdata201446,yes,no,,,,,,,no,yes,no,
2020,"Usher, Will; Pascucci, Valerio",Interactive Visualization of Terascale Data in the Browser: Fact or Fiction?,terascale_browser.png,https://ieeexplore.ieee.org/document/9308044/,no,no,10.1109/LDAV51489.2020.00010,Spatial-Exploration,,,,,no,no,no,2020 IEEE 10th Symposium on Large Data Analysis and Visualization (LDAV)
2018,"Hadwiger, Markus; Al-Awami, Ali; Beyer, Johanna; Agus, Marco; Pfister, Hanspeter",SparseLeap: Efficient Empty Space Skipping for Large-Scale Volume Rendering,sparse_leap.png,https://ieeexplore.ieee.org/document/8017589/,no,no,10.1109/TVCG.2017.2744238,Spatial-Exploration,,,,,no,no,no,IEEE Transactions on Visualization and Computer Graphics
2016,"Al-Awami, Ali; Beyer, Johanna; Haehn, Daniel; Kasthuri, Narayanan; Lichtman, Jeff W.; Pfister, Hanspeter; Hadwiger, Markus",NeuroBlocks – Visual Tracking of Segmentation and Proofreading for Large Connectomics Projects,neuroblocks.png,http://ieeexplore.ieee.org/document/7192653/,no,yes,10.1109/TVCG.2015.2467441,,,Provenance-Tracking,,,no,no,no,IEEE Transactions on Visualization and Computer Graphics
2012,"Wan, Yong; Otsuna, Hideo; Chien, Chi-Bin; Hansen, Charles",FluoRender: An Application of 2D Image Space Methods for 3D and 4D Confocal Microscopy Data Visualization in Neurobiology Research,fluo_render.png,https://www.ncbi.nlm.nih.gov/pmc/articles/PMC3622106/,yes,no,,Spatial-Exploration,,,,,no,no,yes,IEEE Pacific Visualisation Symposium
2017,"Wan, Yong; Otsuna, Hideo; Holman, Holly A.; Bagley, Brig; Ito, Masayoshi; Lewis, A. Kelsey; Colasanto, Mary; Kardon, Gabrielle; Ito, Kei; Hansen, Charles",FluoRender: joint freehand segmentation and visualization for many-channel fluorescence data analysis,fluo_render_2.png,https://doi.org/10.1186/s12859-017-1694-9,yes,no,10.1186/s12859-017-1694-9,Spatial-Exploration,,,,,no,no,yes,BMC Bioinformatics
2018,"Usher, Will; Klacansky, Pavol; Federer, Frederick; Bremer, Peer-Timo; Knoll, Aaron; Yarch, Jeff; Angelucci, Alessandra; Pascucci, Valerio",A Virtual Reality Visualization Tool for Neuron Tracing,vr_neuron_tracing.png,https://ieeexplore.ieee.org/abstract/document/8017617?casa_token=vhCxmdHvJYUAAAAA:lDpQfrOKERw6p8eMUE-lGb8EdUvmy25s9lp-A1-2msfZfkzLfoUeEGQ9qzBoHo3WpdRwR-A,yes,no,10.1109/TVCG.2017.2744079,,,Interactive,,,no,no,no,IEEE Transactions on Visualization and Computer Graphics
2021,"McDonald, Torin; Usher, Will; Morrical, Nate; Gyulassy, Attila; Petruzza, Steve; Federer, Frederick; Angelucci, Alessandra; Pascucci, Valerio",Improving the Usability of Virtual Reality Neuron Tracing with Topological Elements,vr_tracing_topology.png,https://ieeexplore.ieee.org/abstract/document/9226101?casa_token=5WqqWa0kUtgAAAAA:z5pc2fxHlCM3rDYSoVF6CKDmTCovBmviJ2CKARl2ZYn-f3h-FwzVnXajx-rj_5cCjMCTiuA,yes,no,10.1109/TVCG.2020.3030363,,,Interactive,,,no,no,no,IEEE Transactions on Visualization and Computer Graphics
2012,"Seung, Sebastian",EyeWire,eyewire.png,http://eyewire.org,no,yes,,,Crowdsourced,,,,no,no,no,
2021,"Lindow, Norbert; Brünig, Florian N.; Dercksen, Vincent J.; Fabig, Gunar; Kiewisz, Robert; Redemann, Stefanie; Müller-Reichert, Thomas; Prohaska, Steffen; Baum, Daniel",Semi-automatic stitching of filamentous structures in image stacks from serial-section electron tomography,semi-automatic-stitching.png,https://onlinelibrary.wiley.com/doi/full/10.1111/jmi.13039,no,yes,10.1111/jmi.13039,,,,,3D-Registration,no,no,no,Journal of Microscopy
2009,"Bruckner, Stefan; Solteszova, Veronika; Groller, Eduard; Hladuvka, Jiri; Buhler, Katja; Yu, Jai Y.; Dickson, Barry J.",BrainGazer - Visual queries for neurobiology research,braingazer.png,https://ieeexplore.ieee.org/abstract/document/5290766?casa_token=Zie972zSkJoAAAAA:vxpiMh7o5RDsZ_uexHtBRYHtV12Vm-WJgqhJvJMq_EewTCQ1aBuVzWFhqCr48TSms6cS9dc,yes,no,10.1109/TVCG.2009.121,Vis-focused-Analysis,,,,,no,no,no,IEEE Transactions on Visualization and Computer Graphics
2021,"Gonda, F.; Wang, X.; Beyer, J.; Hadwiger, M.; Lichtman, J.W.; Pfister, H.",VICE: Visual Identification and Correction of Neural Circuit Errors,vice.png,https://arxiv.org/abs/2105.06861,no,yes,,,Guided-Automatic,,,,no,no,no,"Computer Graphics Forum (Proceedings Eurographics/IEEE Symposium on Visualization, Eurovis 2021"
2018,"Berger, D.; Seung, H. S.; Lichtman, Jeff W.",VAST (Volume Annotation and Segmentation Tool): Efficient Manual and Semi-Automatic Labeling of Large 3D Image Stacks,vast.png,https://www.frontiersin.org/articles/10.3389/fncir.2018.00088/full,yes,yes,10.3389/fncir.2018.00088,,Manual,Interactive,,,yes,no,no,Frontiers in Neural Circuits
2012,"Cardona, A.; Saalfeld, S.; Schindelin, J.; Arganda-Carreras, I.; Preibisch, S.; Longair, M.; Tomancak, P.; Hartenstein, V.; Douglas, R.J.",TrakEM2 Software for Neural Circuit Reconstruction,trakem2.png,https://journals.plos.org/plosone/article?id=10.1371/journal.pone.0038011,no,yes,10.1371/journal.pone.0038011,,,Interactive,,3D-Registration,no,no,yes,PLoS One
2013,"Sorger, J.; Bühler, K.; Schulze, F.; Liu, T.; Dickson, B.",neuroMAP — Interactive graph-visualization of the fruit fly's neural circuit,neuromap.png,http://ieeexplore.ieee.org/lpdocs/epic03/wrapper.htm?arnumber=6664349,yes,no,10.1109/BioVis.2013.6664349,Connectivity-Exploration,,,,,no,no,no,IEEE Symposium on Biological Data Visualization (BioVis)
2019,"Agus, M.; Calì, C.; Al‐Awami, A.; Gobbetti, E.; Magistretti, P.; Hadwiger, M.",Interactive Volumetric Visual Analysis of Glycogen-derived Energy Absorption in Nanometric Brain Structures,energy_absorption.png,https://onlinelibrary.wiley.com/doi/abs/10.1111/cgf.13700,no,yes,https://doi.org/10.1111/cgf.13700,Vis-focused-Analysis,,,,,no,no,no,Computer Graphics Forum
2011,"Sommer, C.; Straehle, C.; Köthe, U.; Hamprecht, F. A.",Ilastik: Interactive learning and segmentation toolkit,illastik.png,https://ieeexplore.ieee.org/abstract/document/5872394?casa_token=G5Gdb2j_kO4AAAAA:NIWlOqobIpbLex3wcaxG2Voi4hY8aJ_Z2NbPhoiwRrbEjaDixj1EYK67Nt0Rmz1iM-TZ2hU,no,no,10.1109/ISBI.2011.5872394,,,Interactive,,,no,no,yes,IEEE International Symposium on Biomedical Imaging: From Nano to Macro
2018,"Haehn, D.; Kaynig, V.; Tompkin, J.; Lichtman, J.W.; Pfister, H.",Guided proofreading of automatic segmentations for connectomics,guided_proofreading.png,https://arxiv.org/abs/1704.00848v1,no,yes,,,Guided-Automatic,,,,no,no,no,Proceedings of the IEEE Conference on Computer Vision and Pattern Recognition
2010,"Won-Ki Jeong; Beyer, Johanna; Hadwiger, Markus; Blue, Rusty; Law, Charles; Vazquez-Reina, Amelio; Reid, R Clay; Lichtman, Jeff; Pfister, Hanspeter",Ssecrett and NeuroTrace: Interactive Visualization and Analysis Tools for Large-Scale Neuroscience Data Sets,neurotrace.png,http://ieeexplore.ieee.org/document/5455822/,no,yes,10.1109/MCG.2010.56,,,Interactive,,,no,no,no,IEEE Computer Graphics and Applications
2017,"Haehn, Daniel; Hoffer, John; Matejek, Brian; Suissa-Peleg, Adi; Al-Awami, Ali; Kamentsky, Lee; Gonda, Felix; Meng, Eagon; Zhang, William; Schalek, Richard; Wilson, Alyssa; Parag, Toufiq; Beyer, Johanna; Kaynig, Verena; Jones, Thouis; Tompkin, James; Hadwiger, Markus; Lichtman, Jeff; Pfister, Hanspeter",Scalable Interactive Visualization for Connectomics,scalable_vis.png,http://www.mdpi.com/2227-9709/4/3/29,no,yes,10.3390/informatics4030029,,,,Vis-for-Acquisition,2D-Alignment,no,no,yes,Informatics
2009,"Won-Ki Jeong; Beyer, J.; Hadwiger, M.; Vazquez, A.; Pfister, H.; Whitaker, R.T.",Scalable and Interactive Segmentation and Visualization of Neural Processes in EM Datasets,interactive_seg.png,http://ieeexplore.ieee.org/document/5290767/,no,yes,10.1109/TVCG.2009.178,,,,,,no,no,no,IEEE Transactions on Visualization and Computer Graphics
2014,"Al-Awami, Ali; Beyer, Johanna; Strobelt, Hendrik; Kasthuri, Narayanan; Lichtman, Jeff W.; Pfister, Hanspeter; Hadwiger, Markus",NeuroLines: A Subway Map Metaphor for Visualizing Nanoscale Neuronal Connectivity,neurolines.png,https://ieeexplore.ieee.org/document/6875935/,no,yes,10.1109/TVCG.2014.2346312,Connectivity-Exploration,,,,,no,no,no,IEEE Transactions on Visualization and Computer Graphics
2012,"Hadwiger, M.; Beyer, J.; Won-Ki Jeong; Pfister, H.",Interactive Volume Exploration of Petascale Microscopy Data Streams Using a Visualization-Driven Virtual Memory Approach,petascale_streams.png,http://ieeexplore.ieee.org/document/6327233/,no,yes,10.1109/TVCG.2012.240,Data-Structures,,,,,no,no,no,IEEE Transactions on Visualization and Computer Graphics
2011,"Jeong, Won-Ki; Pfister, Hanspeter; Beyer, Johanna; Hadwiger, Markus",GPU-Accelerated Brain Connectivity Reconstruction and Visualization in Large-Scale Electron Micrographs,,https://linkinghub.elsevier.com/retrieve/pii/B9780123849885000498,no,yes,,,,,,,no,no,no,GPU Computing Gems Emerald Edition
2013,"Beyer, J.; Hadwiger, M.; Al-Awami, A.; Won-Ki Jeong; Kasthuri, N.; Lichtman, J. W.; Pfister, H.",Exploring the Connectome: Petascale Volume Visualization of Microscopy Data Streams,exploring_the_connectome.png,http://ieeexplore.ieee.org/document/6562713/,no,yes,10.1109/MCG.2013.55,Spatial-Exploration,,,,,no,no,no,IEEE Computer Graphics and Applications
2011,"Beyer, Johanna; Hadwiger, Markus; Jeong, Won-Ki; Pfister, Hanspeter; Lichtman, Jeff",Demand-driven volume rendering of terascale EM data,,http://dl.acm.org/citation.cfm?doid=2037826.2037901,no,yes,10.1145/2037826.2037901,,,,,,no,no,no,ACM SIGGRAPH 2011 Talks on - SIGGRAPH '11
2014,"Haehn, Daniel; Knowles-Barley, Seymour; Roberts, Mike; Beyer, Johanna; Kasthuri, Narayanan; Lichtman, Jeff W.; Pfister, Hanspeter",Design and Evaluation of Interactive Proofreading Tools for Connectomics,interactive_proofreading.png,http://ieeexplore.ieee.org/document/6875931/,no,yes,10.1109/TVCG.2014.2346371,,Semi-Automatic,,,,no,no,no,IEEE Transactions on Visualization and Computer Graphics
2013,"Beyer, Johanna; Al-Awami, Ali; Kasthuri, Narayanan; Lichtman, Jeff W.; Pfister, Hanspeter; Hadwiger, Markus",ConnectomeExplorer: Query-Guided Visual Analysis of Large Volumetric Neuroscience Data,connectome_explorer.png,http://ieeexplore.ieee.org/document/6634132/,no,yes,10.1109/TVCG.2013.142,Spatial-Exploration,,,,,no,no,no,IEEE Transactions on Visualization and Computer Graphics
2018,"Mohammed, Haneen; Al-Awami, Ali K.; Beyer, Johanna; Cali, Corrado; Magistretti, Pierre; Pfister, Hanspeter; Hadwiger, Markus",Abstractocyte: A Visual Tool for Exploring Nanoscale Astroglial Cells,abstractocyte.png,http://ieeexplore.ieee.org/document/8017643/,no,yes,10.1109/TVCG.2017.2744278,Vis-focused-Analysis,,,,,no,no,no,IEEE Transactions on Visualization and Computer Graphics
2019,"Beyer, Johanna; Mohammed, Haneen; Agus, Marco; Al-Awami, Ali K.; Pfister, Hanspeter; Hadwiger, Markus",Culling for Extreme-Scale Segmentation Volumes: A Hybrid Deterministic and Probabilistic Approach,culling.png,https://ieeexplore.ieee.org/document/8444102/,no,yes,10.1109/TVCG.2018.2864847,Spatial-Exploration,,,,,no,no,no,IEEE Transactions on Visualization and Computer Graphics
2021,"Ghahremani, Parmida; Boorboor, Saeed; Mirhosseini, Pooya; Gudisagar, Chetan; Ananth, Mala; Talmage, David; Role, Lorna W; Kaufman, Arie E.",NeuroConstruct: 3D Reconstruction and Visualization of Neurites in Optical Microscopy Brain Images,neuroconstruct.png,https://ieeexplore.ieee.org/abstract/document/9529035?casa_token=hoG9rDZsZlUAAAAA:Z4uOw7aPKe85jcRh0Jo1R9yiXgqDjhGv25GFFsHkrN96muTlO04ulffAuWpyCOGCyGhf-C4,yes,no,10.1109/TVCG.2021.3109460,Spatial-Exploration,,Interactive,,,no,no,no,IEEE Transactions on Visualization and Computer Graphics
2019,"Boorboor, Saeed; Jadhav, Shreeraj; Ananth, Mala; Talmage, David; Role, Lorna; Kaufman, Arie",Visualization of Neuronal Structures in Wide-Field Microscopy Brain Images,WF-visualization.png,https://ieeexplore.ieee.org/abstract/document/8440805?casa_token=kQen3PpIEmoAAAAA:5tMPtGNJxbXsgExBrhOjsqwl73vtEsizewlTN-towNwJ9YlWgxXQXFgj1iZk6PvfG7q0KbU,yes,no,10.1109/TVCG.2018.2864852,Spatial-Exploration,,,Microscale,,no,no,no,IEEE Transactions on Visualization and Computer Graphics
2018,"Zhou, Zhi; Kuo, Hsien-Chi; Peng, Hanchuan; Long, Fuhui",DeepNeuron: an open deep learning toolbox for neuron tracing,deepneuron.png,https://doi.org/10.1186/s40708-018-0081-2,yes,no,10.1186/s40708-018-0081-2,,,Automatic,,,no,no,no,Brain Informatics
2017,"Li, Rongjian; Zeng, Tao; Peng, Hanchuan; Ji, Shuiwang",Deep Learning Segmentation of Optical Microscopy Images Improves 3-D Neuron Reconstruction,dl-segmentation.png,http://ieeexplore.ieee.org/document/7874113/,yes,no,10.1109/TMI.2017.2679713,,,Automatic,,,no,no,no,IEEE Transactions on Medical Imaging
2015,"Kasthuri, Narayanan; Hayworth, Kenneth Jeffrey; Berger, Daniel Raimund; Schalek, Richard Lee; Conchello, José Angel; et al.",Saturated Reconstruction of a Volume of Neocortex,saturated-reconstruction.png,https://linkinghub.elsevier.com/retrieve/pii/S0092867415008247,no,yes,10.1016/j.cell.2015.06.054,,,,,,no,yes,no,Cell
2021,"Consortium, MICrONS; Bae, J. Alexander; Baptiste, Mahaly; Bodor, Agnes L.; Brittain, Derrick; Buchanan, JoAnn; Bumbarger, Daniel J.; et al.",Functional connectomics spanning multiple areas of mouse visual cortex,functional.png,https://www.biorxiv.org/content/10.1101/2021.07.28.454025v2,no,yes,,,,,,,no,yes,no,
2021,"Shapson-Coe, Alexander; Januszewski, Michał; Berger, Daniel R.; Pope, Art; Wu, Yuelong; Blakely, Tim; Schalek, Richard L.; Li, Peter H.; Wang, Shuohong; Maitin-Shepard, Jeremy; Karlupia, Neha; Dorkenwald; et al. ",A connectomic study of a petascale fragment of human cerebral cortex,petascale.png,https://www.biorxiv.org/content/10.1101/2021.05.29.446289v4,no,yes,,,,,,,no,yes,no,
2016,"Toharia, Pablo; Robles, Oscar D.; Fernaud-Espinosa, Isabel; Makarova, Julia; Galindo, Sergio E.; Rodriguez, Angel; Pastor, Luis; Herreras, Oscar; DeFelipe, Javier; Benavides-Piccione, Ruth",PyramidalExplorer: A New Interactive Tool to Explore Morpho-Functional Relations of Human Pyramidal Neurons,pyramidal-explorer.png,https://www.frontiersin.org/article/10.3389/fnana.2015.00159,yes,yes,10.3389/fnana.2015.00159,Spatial-Exploration,,,,,no,no,no,Frontiers in Neuroanatomy
2015,"Gray Roncal, William; Kleissas, Dean; Vogelstein, Joshua; Manavalan, Priya; Lillaney, Kunal; Pekala, Michael; Burns, Randal; Vogelstein, R.; Priebe, Carey; Chevillet, Mark; Hager, Gregory",An Automated Images-to-Graphs Framework for High Resolution Connectomics,graph.png,https://www.frontiersin.org/article/10.3389/fninf.2015.00020,no,yes,10.3389/fninf.2015.00020,,,Connectivity-Extraction,,,no,no,no,Frontiers in Neuroinformatics
2013,"Burns, Randal; Kasthuri, Narayanan; Kazhdan, Michael; Smith, Stephen J.; Kleissas, Dean; Perlman, Eric; Chung, Kwanghun; Weiler, Nicholas C.; Lichtman, Jeff; Szalay, Alexander S.; et al.",The open connectome project data cluster: scalable analysis and vision for high-throughput neuroscience,ocp.png,http://dl.acm.org/citation.cfm?doid=2484838.2484870,no,yes,10.1145/2484838.2484870,Data-Structures,,,,,no,yes,no,Proceedings of the 25th International Conference on Scientific and Statistical Database Management - SSDBM
2013,"Vogelstein, J. T.; Roncal, W. G.; Vogelstein, R. J.; Priebe, C. E.",Graph Classification Using Signal-Subgraphs: Applications in Statistical Connectomics,signal-subgraphs.png,http://ieeexplore.ieee.org/document/6341752/,no,no,10.1109/TPAMI.2012.235,,,Connectivity-Extraction,,,no,no,no,IEEE Transactions on Pattern Analysis and Machine Intelligence
2020,"Xu, C. Shan; Januszewski, Michal; Lu, Zhiyuan; Takemura, Shin-ya; Hayworth, Kenneth J.; Huang, Gary; Shinomiya, Kazunori; Maitin-Shepard, Jeremy; Ackerman, David; Berg, Stuart; Blakely, et al.",A Connectome of the Adult Drosophila Central Brain,hemibrain.png,https://www.biorxiv.org/content/10.1101/2020.01.21.911859v1,no,yes,,,,,,,no,yes,no,
2021,"Matelsky, Jordan K.; Reilly, Elizabeth P.; Johnson, Erik C.; Stiso, Jennifer; Bassett, Danielle S.; Wester, Brock A.; Gray-Roncal, William",DotMotif: an open-source tool for connectome subgraph isomorphism search and graph queries,dotmotif.png,https://www.nature.com/articles/s41598-021-91025-5,no,no,10.1038/s41598-021-91025-5,,,Connectivity-Extraction,,,no,no,yes,Scientific Reports
2020,"Clements, Jody; Dolafi, Tom; Umayam, Lowell; Neubarth, Nicole L.; Berg, Stuart; Scheffer, Louis K.; Plaza, Stephen M.",neuPrint: Analysis Tools for EM Connectomics,neuprint.png,https://www.biorxiv.org/content/10.1101/2020.01.16.909465v1,no,yes,,Connectivity-Exploration,,,,,no,no,yes,
2020,"Scheffer, Louis K; Xu, C Shan; Januszewski, Michal; Lu, Zhiyuan; Takemura, Shin-ya; Hayworth, Kenneth J; Huang, Gary B; Shinomiya, Kazunori; Maitlin-Shepard, Jeremy; Berg, Stuart; Clements, Jody; et al.",A connectome and analysis of the adult Drosophila central brain,fruit-fly-connectome.png,https://elifesciences.org/articles/57443,no,yes,10.7554/eLife.57443,,,Connectivity-Extraction,,,no,no,no,eLife
2005,"Song, Sen; Sjöström, Per Jesper; Reigl, Markus; Nelson, Sacha; Chklovskii, Dmitri B",Highly Nonrandom Features of Synaptic Connectivity in Local Cortical Circuits,non-random-features.png,https://dx.plos.org/10.1371/journal.pbio.0030068,no,no,10.1371/journal.pbio.0030068,,,Connectivity-Extraction,,,no,no,no,PLoS Biology
2015,"Calì, C; Boges, DJ; Holst, GR; Kreshuk, A; Hamprecht, FA; Srinivasan, M; Lehvaslaiho, H; Magistretti, PJ",Ultrastructural analysis of glycogen in hippocampal astrocytic processes using 3D virtual reality,,https://www.frontiersin.org/10.3389/conf.fnins.2015.89.00005/event_abstract,no,yes,,Vis-focused-Analysis,,,,,no,no,no,Front. Neurosci. Conference Abstract: 11th National Congress of the Belgian Society for Neuroscience. doi: 10.3389/conf. fnins
2020,"Boges, Daniya; Agus, Marco; Sicat, Ronell; Magistretti, Pierre J.; Hadwiger, Markus; Calì, Corrado",Virtual reality framework for editing and exploring medial axis representations of nanometric scale neural structures,vr-skeletons.png,https://linkinghub.elsevier.com/retrieve/pii/S0097849320300789,no,yes,10.1016/j.cag.2020.05.024,,Manual,Interactive,,,no,no,no,Computers & Graphics
2019,"Boges, Daniya; Calì, Corrado; Magistretti, Pierre J.; Hadwiger, Markus; Sicat, Ronell; Agus, Marco","Immersive Environment for Creating, Proofreading, and Exploring Skeletons of Nanometric Scale Neural Structures",vr-skeleton-2.png,https://diglib.eg.org/handle/10.2312/stag20191360,no,yes,10.2312/STAG.20191360,,Manual,,,,no,no,no,Smart Tools and Apps for Graphics - Eurographics Italian Chapter Conference
2018,"Agus, Marco; Boges, Daniya; Gagnon, Nicolas; Magistretti, Pierre J.; Hadwiger, Markus; Calí, Corrado",GLAM: Glycogen-derived Lactate Absorption Map for visual analysis of dense and sparse surface reconstructions of rodent brain structures on desktop systems and virtual environments,glam.png,https://linkinghub.elsevier.com/retrieve/pii/S009784931830058X,no,yes,10.1016/j.cag.2018.04.007,Vis-focused-Analysis,,,,,no,no,no,Computers & Graphics
1990,"Glaser, Jacob R.; Glaser, Edmund M.",Neuron imaging with neurolucida — A PC-based system for image combining microscopy,neurolucida.png,https://www.sciencedirect.com/science/article/pii/089561119090105K,yes,no,https://doi.org/10.1016/0895-6111(90)90105-K,,,Interactive,,,no,no,no,Computerized Medical Imaging and Graphics
2021,"Claudi, Federico; Tyson, Adam L; Petrucco, Luigi; Margrie, Troy W; Portugues, Ruben; Branco, Tiago",Visualizing anatomically registered data with brainrender,brainrender.png,https://elifesciences.org/articles/65751,yes,no,10.7554/eLife.65751,Communication,,,,,no,no,yes,eLife
2011,"Gerhard, Stephan; Daducci, Alessandro; Lemkaddem, Alia; Meuli, Reto; Thiran, Jean-Philippe; Hagmann, Patric","The Connectome Viewer Toolkit: An Open Source Framework to Manage, Analyze, and Visualize Connectomes",,https://www.frontiersin.org/article/10.3389/fninf.2011.00003,no,no,10.3389/fninf.2011.00003,,,,,,no,no,no,Frontiers in Neuroinformatics
2018,"Ganglberger, Florian; Swoboda, Nicolas; Frauenstein, Lisa; Kaczanowska, Joanna; Haubensak, Wulf; Bühler, Katja",Iterative Exploration of Big Brain Network Data,,https://diglib.eg.org:443/xmlui/handle/10.2312/vcbm20181231,no,no,,,,,,,no,no,no,
2019,"Ganglberger, Florian; Swoboda, Nicolas; Frauenstein, Lisa; Kaczanowska, Joanna; Haubensak, Wulf; Bühler, Katja",BrainTrawler: A visual analytics framework for iterative exploration of heterogeneous big brain data,braintrawler.png,https://www.sciencedirect.com/science/article/abs/pii/S0097849319300949,yes,no,,Vis-focused-Analysis,,,,,no,no,no,Computers & Graphics
2019,"Kunst, Michael; Laurell, Eva; Mokayes, Nouwar; Kramer, Anna; Kubo, Fumi; Fernandes, António M; Förster, Dominique; Dal Maschio, Marco; Baier, Herwig",A cellular-resolution atlas of the larval zebrafish brain,zebrafish.png,https://www.sciencedirect.com/science/article/pii/S0896627319303915,no,yes,,Connectivity-Exploration,,,,,no,no,no,Neuron
2021,"Pastor, Luis; Bayona, Sofia; Brito, Juan; Cuevas, María; Fernaud, Isabel; Galindo, Sergio; García-Cantero, Juan; Quevedo, Francisco; Mata, Susana; Robles, Oscar; Rodríguez, Angel; Toharia, Pablo; Zdravkovic, Ana",A Unified Framework for Neuroscience Morphological Data Visualization,unified.png,https://www.mdpi.com/2076-3417/11/10/4652,no,no,10.3390/app11104652,Vis-focused-Analysis,,,,,no,no,no,Applied Sciences
2014,"Swoboda, Nicolas; Moosburner, Judith; Bruckner, Stefan; Yu, Jai Y.; Dickson, Barry J.; Bühler, Katja",Visual and Quantitative Analysis of Higher Order Arborization Overlaps for Neural Circuit Research,arborizations.png,https://diglib.eg.org:443/xmlui/handle/10.2312/vcbm.20141189.107-116,yes,no,,,,Connectivity-Extraction,,,no,no,no,
2017,"Swoboda, N.; Moosburner, J.; Bruckner, S.; Yu, J. Y.; Dickson, B. J.; Bühler, K.",Visualization and Quantification for Interactive Analysis of Neural Connectivity in Drosophila,connectivity-in_drosophila.png,https://onlinelibrary.wiley.com/doi/abs/10.1111/cgf.12792,yes,no,10.1111/cgf.12792,,,Connectivity-Extraction,,,no,no,no,Computer Graphics Forum
2017,"Boergens, Kevin M.; Berning, Manuel; Bocklisch, Tom; Bräunlein, Dominic; Drawitsch, Florian; Frohnhofen, Johannes; Herold, Tom; Otto, Philipp; Rzepka, Norman; Werkmeister, Thomas; Werner, Daniel; et al.",webKnossos: efficient online 3D data annotation for connectomics,webknossos.png,https://www.nature.com/articles/nmeth.4331,no,yes,10.1038/nmeth.4331,,Manual,Provenance-Tracking,,,no,no,yes,Nature Methods
2009,"Saalfeld, Stephan; Cardona, Albert; Hartenstein, Volker; Tomančák, Pavel",CATMAID: collaborative annotation toolkit for massive amounts of image data,catmaid.png,https://academic.oup.com/bioinformatics/article/25/15/1984/210794?login=true,no,yes,,Connectivity-Exploration,Manual,Interactive,,,no,no,yes,Bioinformatics
2018,"Zhao, Ting; Olbris, Donald J.; Yu, Yang; Plaza, Stephen M.","NeuTu: Software for Collaborative, Large-Scale, Segmentation-Based Connectome Reconstruction",neutu.png,https://www.frontiersin.org/article/10.3389/fncir.2018.00101,no,yes,10.3389/fncir.2018.00101,,Semi-Automatic,Connectivity-Extraction,,,no,no,yes,Frontiers in Neural Circuits
2018,"Jorstad, Anne; Blanc, Jérôme; Knott, Graham",NeuroMorph: a software toolset for 3D analysis of neurite morphology and connectivity,neuromorph.png,https://neuromorph.epfl.ch/,yes,yes,,Vis-focused-Analysis,,,,,no,no,yes,Frontiers in neuroanatomy
2021,"Al-Thelaya, Khaled; Agus, Marco; Gilal, Nauman Ullah; Yang, Yin; Pintore, Giovanni; Gobbetti, Enrico; Calí, Corrado; Magistretti, Pierre J.; Mifsud, William; Schneider, Jens",InShaDe: Invariant Shape Descriptors for visual 2D and 3D cellular and nuclear shape analysis and classification,inshade.png,https://www.sciencedirect.com/science/article/pii/S0097849321000790,no,yes,https://doi.org/10.1016/j.cag.2021.04.037,Vis-focused-Analysis,,,,,no,no,no,Computers & Graphics
2022,"Dorkenwald, Sven; McKellar, Claire E.; Macrina, Thomas; Kemnitz, Nico; Lee, Kisuk; Lu, Ran; Wu, Jingpeng; Popovych, Sergiy; Mitchell, Eric; Nehoran, Barak; Jia, Zhen; Bae, J. Alexander; Mu, Shang; et al.",FlyWire: online community for whole-brain connectomics,flywire.png,https://www.nature.com/articles/s41592-021-01330-0,no,yes,10.1038/s41592-021-01330-0,,Crowdsourced,,,,no,no,yes,Nature Methods
2016,"Costa, Marta; Manton, James D; Ostrovsky, Aaron D; Prohaska, Steffen; Jefferis, Gregory SXE","NBLAST: rapid, sensitive comparison of neuronal structure and construction of neuron family databases",nblast.png,https://www.sciencedirect.com/science/article/pii/S0896627316302653,yes,yes,,Vis-focused-Analysis,,,,,no,no,no,Neuron
2020,"Ganglberger, Florian Johann; Kaczanowska, Joanna; Haubensak, Wulf; Bühler, Katja",A Data Structure for Real-Time Aggregation Queries of Big Brain Networks,datastructure.png,http://link.springer.com/10.1007/s12021-019-09428-9,yes,no,10.1007/s12021-019-09428-9,Data-Structures,,,,,no,no,no,Neuroinformatics
2017,"Garcia-Cantero, Juan J.; Brito, Juan P.; Mata, Susana; Bayona, Sofia; Pastor, Luis",NeuroTessMesh: A Tool for the Generation and Visualization of Neuron Meshes and Adaptive On-the-Fly Refinement,neurotessmesh.png,https://www.frontiersin.org/article/10.3389/fninf.2017.00038,Yes,no,,Data-Structures,,,,,no,no,no,Frontiers in Neuroinformatics
2015,"Pastor, Luis; Mata, Susana; Toharia, Pablo; Bayona, Sofia; Brito, Juan Pedro; Garcia-Cantero, Juan Jose",NeuroScheme: Efficient Multiscale Representations for the Visual Exploration of Morphological Data in the Human Brain Neocortex,neuroscheme.png,https://diglib.eg.org:443/xmlui/handle/10.2312/ceig20151208,no,no,10.2312/ceig.20151208,Vis-focused-Analysis,,,,,no,no,no,
2019,"Hörl, David; Rojas Rusak, Fabio; Preusser, Friedrich; Tillberg, Paul; Randel, Nadine; Chhetri, Raghav K.; Cardona, Albert; Keller, Philipp J.; Harz, Hartmann; Leonhardt, Heinrich; Treier, Mathias; Preibisch, Stephan",BigStitcher: reconstructing high-resolution image datasets of cleared and expanded samples,bigstitcher.png,https://www.nature.com/articles/s41592-019-0501-0,no,no,10.1038/s41592-019-0501-0,,,,,2D-Alignment,no,no,yes,Nature Methods
2019,"Bria, Alessandro; Bernaschi, Massimo; Guarrasi, Massimiliano; Iannello, Giulio",Exploiting Multi-Level Parallelism for Stitching Very Large Microscopy Images,parallel.png,https://www.frontiersin.org/article/10.3389/fninf.2019.00041,no,no,,,,,,2D-Alignment,no,no,no,Frontiers in Neuroinformatics
2011,"Yu, Yang; Peng, Hanchuan",Automated high speed stitching of large 3D microscopic images,high-speed-stitching.png,https://ieeexplore.ieee.org/abstract/document/5872396?casa_token=p4qDdh7eb-kAAAAA:I-nr0ScQPDeMo5FgIyhJnYJbYAwsworbRhvqjOwCnPpQpbfRMzefmO0Ydl7dQprd1hWoEtY,no,no,10.1109/ISBI.2011.5872396,,,,,2D-Alignment,no,no,no,2011 IEEE International Symposium on Biomedical Imaging: From Nano to Macro
2017,"Chalfoun, Joe; Majurski, Michael; Blattner, Tim; Bhadriraju, Kiran; Keyrouz, Walid; Bajcsy, Peter; Brady, Mary",MIST: Accurate and Scalable Microscopy Image Stitching Tool with Stage Modeling and Error Minimization,mist.png,https://www.nature.com/articles/s41598-017-04567-y,no,no,10.1038/s41598-017-04567-y,,,,,2D-Alignment,no,no,yes,Scientific Reports
2012,"Bria, Alessandro; Iannello, Giulio",TeraStitcher - A tool for fast automatic 3D-stitching of teravoxel-sized microscopy images,terastitcher.png,https://doi.org/10.1186/1471-2105-13-316,no,no,10.1186/1471-2105-13-316,,,, ,2D-Alignment,no,no,yes,BMC Bioinformatics
2010,"Saalfeld, Stephan; Cardona, Albert; Hartenstein, Volker; Tomančák, Pavel",As-rigid-as-possible mosaicking and serial section registration of large ssTEM datasets,rigid.png,https://academic.oup.com/bioinformatics/article/26/12/i57/286450,no,yes,10.1093/bioinformatics/btq219,,,, ,2D-Alignment,no,no,no,Bioinformatics
2010,"Tasdizen, Tolga; Koshevoy, Pavel; Grimm, Bradley C.; Anderson, James R.; Jones, Bryan W.; Watt, Carl B.; Whitaker, Ross T.; Marc, Robert E.",Automatic mosaicking and volume assembly for high-throughput serial-section transmission electron microscopy,mosaicing.png,https://www.sciencedirect.com/science/article/pii/S0165027010004413,no,no,10.1016/j.jneumeth.2010.08.001,,,, ,2D-Alignment,no,no,no,Journal of Neuroscience Methods
2006,"Chow, S. K.; Hakozaki, H.; Price, D. L.; Maclean, N. a. B.; Deerinck, T. J.; Bouwer, J. C.; Martone, M. E.; Peltier, S. T.; Ellisman, M. H.",Automated microscopy system for mosaic acquisition and processing,automated_mosaicing.png,https://onlinelibrary.wiley.com/doi/abs/10.1111/j.1365-2818.2006.01577.x,no,no,10.1111/j.1365-2818.2006.01577.x,,,, ,2D-Alignment,no,no,no,Journal of Microscopy
2009,"Emmenlauer, M.; Ronneberger, O.; Ponti, A.; Schwarb, P.; Griffa, A.; Filippi, A.; Nitschke, R.; Driever, W.; Burkhardt, H.","XuvTools: free, fast and reliable stitching of large 3D datasets",xuv-tools.png,https://onlinelibrary.wiley.com/doi/abs/10.1111/j.1365-2818.2008.03094.x,no,no,10.1111/j.1365-2818.2008.03094.x,,,, ,2D-Alignment,no,no,no,Journal of Microscopy
2006,"Bajcsy, P.; Lee, S-C.; Lin, A.; Folberg, R.",Three-dimensional volume reconstruction of extracellular matrix proteins in uveal melanoma from fluorescent confocal laser scanning microscope images,extracellular-matrix.png,https://onlinelibrary.wiley.com/doi/abs/10.1111/j.1365-2818.2006.01539.x,yes,no,10.1111/j.1365-2818.2006.01539.x,,,, ,2D-Alignment,no,no,no,Journal of Microscopy
2003,"Al-Kofahi, O.; Can, A.; Lasek, S.; Szarowski, D. H.; Turner, J. N.; Roysam, B.",Algorithms for accurate 3D registration of neuronal images acquired by confocal scanning laser microscopy,accurate-registration.png,https://onlinelibrary.wiley.com/doi/abs/10.1046/j.1365-2818.2003.01196.x,yes,no,10.1046/j.1365-2818.2003.01196.x,,,, ,2D-Alignment,no,no,no,Journal of Microscopy
1996,"Becker, Douglas E.; Ancin, Hakan; Szarowski, Donald H.; Turner, James N.; Roysam, Badrinath",Automated 3-D montage synthesis from laser-scanning confocal images: Application to quantitative tissue-level cytological analysis,3D-montage.png,https://onlinelibrary.wiley.com/doi/abs/10.1002/%28SICI%291097-0320%2819961101%2925%3A3%3C235%3A%3AAID-CYTO4%3E3.0.CO%3B2-E,yes,no,10.1002/(SICI)1097-0320(19961101)25:3<235::AID-CYTO4>3.0.CO;2-E,,,, ,2D-Alignment,no,no,no,Cytometry
2012,"Briggman, Kevin L; Bock, Davi D",Volume electron microscopy for neuronal circuit reconstruction,volume-reconstruction.png,https://www.sciencedirect.com/science/article/pii/S0959438811001887,no,yes,10.1016/j.conb.2011.10.022,,,,Nanoscale,,no,no,no,Current Opinion in Neurobiology
2008,"Knott, Graham; Marchman, Herschel; Wall, David; Lich, Ben",Serial Section Scanning Electron Microscopy of Adult Brain Tissue Using Focused Ion Beam Milling,io-beam-milling.png,https://www.jneurosci.org/content/28/12/2959,no,yes,10.1523/JNEUROSCI.3189-07.2008,,,,Nanoscale,,no,no,no,Journal of Neuroscience
2004,"Denk, Winfried; Horstmann, Heinz",Serial Block-Face Scanning Electron Microscopy to Reconstruct Three-Dimensional Tissue Nanostructure,tissue-nanostructure.png,https://journals.plos.org/plosbiology/article?id=10.1371/journal.pbio.0020329,no,yes,10.1371/journal.pbio.0020329,,,,Nanoscale,,no,no,no,PLOS Biology
2015,"Saxena, Manish; Eluru, Gangadhar; Gorthi, Sai Siva",Structured illumination microscopy,structured-illuminiation.png,https://www.osapublishing.org/aop/abstract.cfm?uri=aop-7-2-241,yes,no,10.1364/AOP.7.000241,,,,Microscale,,no,no,no,Advances in Optics and Photonics
1994,"Hell, Stefan W.; Wichmann, Jan",Breaking the diffraction resolution limit by stimulated emission: stimulated-emission-depletion fluorescence microscopy,breaking-diffraction.png,https://www.osapublishing.org/ol/abstract.cfm?uri=ol-19-11-780,yes,no,10.1364/OL.19.000780,,,,Microscale,,no,no,no,Optics Letters
2012,"Ragan, Timothy; Kadiri, Lolahon R.; Venkataraju, Kannan Umadevi; Bahlmann, Karsten; Sutin, Jason; Taranda, Julian; Arganda-Carreras, Ignacio; Kim, Yongsoo; Seung, H. Sebastian; Osten, Pavel",Serial two-photon tomography for automated ex vivo mouse brain imaging,two-photon.png,https://www.nature.com/articles/nmeth.1854,yes,no,10.1038/nmeth.1854,,,,Microscale,,no,no,no,Nature Methods
2021,"Fiolka, Reto",Light-sheet microscopy at high resolution,light-sheet.png,https://www.nature.com/articles/s41587-021-01101-4,yes,no,10.1038/s41587-021-01101-4,,,,Microscale,,no,no,no,Nature Biotechnology
2007,"Dodt, Hans-Ulrich; Leischner, Ulrich; Schierloh, Anja; Jährling, Nina; Mauch, Christoph Peter; Deininger, Katrin; Deussing, Jan Michael; Eder, Matthias; Zieglgänsberger, Walter; Becker, Klaus",Ultramicroscopy: three-dimensional visualization of neuronal networks in the whole mouse brain,ultramicroscopy.png,https://www.nature.com/articles/nmeth1036,yes,no,10.1038/nmeth1036,,,,Microscale,,no,no,no,Nature Methods
2000,"Paddock, Stephen W.",Principles and practices of laser scanning confocal microscopy,principles.png,https://doi.org/10.1385/MB:16:2:127,yes,no,10.1385/MB:16:2:127,,,,Microscale,,no,no,no,Molecular Biotechnology
2020,"Shen, Fred Y.; Harrington, Margaret M.; Walker, Logan A.; Cheng, Hon Pong Jimmy; Boyden, Edward S.; Cai, Dawen",Light microscopy based approach for mapping connectivity with molecular specificity,molecular-specifity.png,https://www.nature.com/articles/s41467-020-18422-8,yes,no,10.1038/s41467-020-18422-8,,,,Microscale,,no,no,no,Nature Communications
2021,"Silversmith, William; Collman, Forrest; Kemnitz, Nico; Jingpeng Wu; Castro, Manuel; Falk, Ben; Roat, Chris; Macrina, Thomas; Perlman, Eric; Shangmu; Akhilesh Halageri; Gunn, Pat; Sridhar Jagannathan;, et al.",seung-lab/cloud-volume: Zenodo Release v1,cloud-volume.png,https://github.com/seung-lab/cloud-volume,yes,yes,,Data-Structures,,, ,,no,no,no,
2021,"Maitin-Shepard, Jeremy; Baden, Alex; Silversmith, William; Perlman, Eric; Collman, Forrest; Blakely, Tim; Funke, Jan; Jordan, Chris; Falk, Ben; Kemnitz, Nico; Tingzhao; Roat, Chris; Castro, Manuel; et al.",google/neuroglancer:,ng-hemibrain-1.png,https://github.com/google/neuroglancer,yes,yes,,Spatial-Exploration,,,,,no,no,yes,
2021,"Minnen, David; Januszewski, Michał; Blakely, Tim; Shapson-Coe, Alexander; Schalek, Richard L.; Ballé, Johannes; Lichtman, Jeff W.; Jain, Viren",Denoising-based Image Compression for Connectomics,denoising.png,https://www.biorxiv.org/content/10.1101/2021.05.29.445828v2,no,yes,,,,,Vis-for-Acquisition,,no,no,no,
2016,"Vogelstein, Joshua T; Mensh, Brett; Häusser, Michael; Spruston, Nelson; Evans, Alan C; Kording, Konrad; Amunts, Katrin; Ebell, Christoph; Muller, Jeff; Telefont, Martin; others",To the cloud! A grassroots proposal to accelerate brain science discovery,to-the-cloud.png,https://www.sciencedirect.com/science/article/pii/S0896627316307838,no,yes,,Data-Structures,,,,,no,no,no,Neuron
2018,"Vogelstein, Joshua T; Perlman, Eric; Falk, Benjamin; Baden, Alex; Roncal, William Gray; Chandrashekhar, Vikram; Collman, Forrest; Seshamani, Sharmishtaa; Patsolic, Jesse L; Lillaney, Kunal; others",A community-developed open-source computational ecosystem for big neuro data,community-developed.png,https://www.nature.com/articles/s41592-018-0181-1,no,yes,,Data-Structures,,,,,no,no,no,Nature methods
2012,"Saalfeld, Stephan; Fetter, Richard; Cardona, Albert; Tomancak, Pavel",Elastic volume reconstruction from series of ultra-thin microscopy sections,elastic.png,https://www.nature.com/articles/nmeth.2072,no,yes,10.1038/nmeth.2072,,,,,2D-Alignment,no,no,no,Nature Methods
2013,"Yigitsoy, Mehmet; Navab, Nassir",Structure Propagation for Image Registration,structure-propagation.png,https://ieeexplore.ieee.org/abstract/document/6516519?casa_token=lWagnjatCUIAAAAA:gbFWlI5r0no_H11yQ27jlliRp9oO4_po4vZbFv5ItfvT9O4NAftsuFWtqdN3QDosUnbwzIY,yes,no,10.1109/TMI.2013.2263151,,,,,2D-Alignment,no,no,no,IEEE Transactions on Medical Imaging
2011,"Tsai, C.-L.; Lister, J.P.; Bjornsson, C.S.; Smith, K.; Shain, W.; Barnes, C.A.; Roysam, B.","Robust, globally consistent and fully automatic multi-image registration and montage synthesis for 3-D multi-channel images",robust.png,https://onlinelibrary.wiley.com/doi/10.1111/j.1365-2818.2011.03489.x,yes,no,10.1111/j.1365-2818.2011.03489.x,,,,,2D-Alignment,no,no,no,Journal of Microscopy
2021,"Schlegel, Philipp; Barnes, Chris; Sridhar Jagannathan; Pedigo, Benjamin; Court, Rob",navis-org/navis: Version 1.1.0,navis.png,https://github.com/navis-org/navis,no,yes,,Vis-focused-Analysis,,,,,no,no,yes,
2011,"Brown, Kerry M; Barrionuevo, Germán; Canty, Alison J; De Paola, Vincenzo; Hirsch, Judith A; Jefferis, Gregory SXE; Lu, Ju; Snippe, Marjolein; Sugihara, Izumi; Ascoli, Giorgio A",The DIADEM data sets: representative light microscopy images of neuronal morphology to advance automation of digital reconstructions,diadem.png,https://diadem.janelia.org/data_sets.html,yes,no,,,,,,,no,yes,no,Neuroinformatics
2021,"Nguyen, Khoa Tuan; Jang, Ganghee; Jeong, Won-ki",RLCorrector: Reinforced Proofreading for Connectomics Image Segmentation,RLCorrector.png,http://arxiv.org/abs/2106.05487,no,yes,,,Guided-Automatic,,,,no,no,no,arXiv:2106.05487 [cs]
2011,"ANDERSON, JR; MOHAMMED, S; GRIMM, B; JONES, BW; KOSHEVOY, P; TASDIZEN, T; WHITAKER, R; MARC, RE",The Viking viewer for connectomics: scalable multi-user annotation and summarization of large volume data sets,viking_viewer.png,https://www.ncbi.nlm.nih.gov/pmc/articles/PMC3017751/,no,yes,10.1111/j.1365-2818.2010.03402.x,Connectivity-Exploration,Manual,Interactive,,,no,no,yes,Journal of Microscopy
2019,"Matejek, Brian; Haehn, Daniel; Zhu, Haidong; Wei, Donglai; Parag, Toufiq; Pfister, Hanspeter",Biologically-Constrained Graphs for Global Connectomics Reconstruction,biologically_constrained.png,https://openaccess.thecvf.com/content_CVPR_2019/html/Matejek_Biologically-Constrained_Graphs_for_Global_Connectomics_Reconstruction_CVPR_2019_paper.html,no,yes,10.1109/CVPR.2019.00219,,Guided-Automatic,,,,no,no,no,
2017,"Rolnick, David; Meirovitch, Yaron; Parag, Toufiq; Pfister, Hanspeter; Jain, Viren; Lichtman, Jeff W.; Boyden, Edward S.; Shavit, Nir",Morphological Error Detection in 3D Segmentations,rolnick_errors.png,https://arxiv.org/abs/1705.10882v1,no,yes,,,Guided-Automatic,,,,no,no,no,
2017,"Zung, Jonathan; Tartavull, Ignacio; Lee, Kisuk; Seung, H. Sebastian",An Error Detection and Correction Framework for Connectomics,zung_errors.png,https://proceedings.neurips.cc/paper/2017/hash/4500e4037738e13c0c18db508e18d483-Abstract.html,no,yes,,,Guided-Automatic,,,,no,no,no,Advances in Neural Information Processing Systems
2011,"Roberts, Mike; Jeong, Won-Ki; Vázquez-Reina, Amelio; Unger, Markus; Bischof, Horst; Lichtman, Jeff; Pfister, Hanspeter",Neural process reconstruction from sparse user scribbles,roberts_scribbles.png,https://link.springer.com/chapter/10.1007/978-3-642-23623-5_78,no,yes,10.1007/978-3-642-23623-5_78,,,Interactive,,,no,no,no,Medical image computing and computer-assisted intervention: MICCAI ... International Conference on Medical Image Computing and Computer-Assisted Intervention
2013,"Sicat, Ronell; Hadwiger, M.; Mitra, N.",Graph Abstraction for Simplified Proofreading of Slice-based Volume Segmentation,sicat_proofreading.png,https://diglib.eg.org/xmlui/bitstream/handle/10.2312/conf.EG2013.short.077-080/077-080.pdf?sequence=1,no,yes,10.2312/conf/EG2013/short/077-080,,Guided-Automatic,,,,no,no,no,Eurographics
2013,"Seymour, Knowles-Barley; Mike, R.; Narayanan, Kasthuri; Dongil, Lee; Hanspeter, Pfister; Jeff, Lichtman",Mojo 2.0: Connectome Annotation Tool,mojo.png,https://vcg.seas.harvard.edu/files/pfister/files/mojo2-neuroinformatics-2013_1.pdf,no,yes,10.3389/CONF.FNINF.2013.09.00060,,Semi-Automatic,,,,no,no,no,
2018,"Zheng, Zhihao; Lauritzen, J. Scott; Perlman, Eric; Robinson, Camenzind G.; Nichols, Matthew; Milkie, Daniel; Torrens, Omar; Price, John; Fisher, Corey B.; Sharifi, Nadiya; Calle-Schuler, Steven A.; Kmecova, Lucia; et al.",A Complete Electron Microscopy Volume of the Brain of Adult Drosophila melanogaster,complete_drosophila.png,https://www.sciencedirect.com/science/article/pii/S0092867418307876,no,yes,https://doi.org/10.1016/j.cell.2018.06.019,,,,,,no,yes,no,Cell
2009,"Čapek, Martin; Brůža, Petr; Janáček, Jiří; Karen, Petr; Kubínová, Lucie; Vagnerová, Radomíra",Volume reconstruction of large tissue specimens from serial physical sections using confocal microscopy and correction of cutting deformations by elastic registration,vol_rec_large.png,https://onlinelibrary.wiley.com/doi/abs/10.1002/jemt.20652,yes,no,10.1002/jemt.20652,,,,,3D-Registration,no,no,no,Microscopy Research and Technique
2006,"Ju, Tao; Warren, Joe; Carson, James; Bello, Musodiq; Kakadiaris, Ioannis; Chiu, Wah; Thaller, Christina; Eichele, Gregor",3D volume reconstruction of a mouse brain from histological sections using warp filtering,warp_filtering.png,https://www.sciencedirect.com/science/article/pii/S0165027006001282,yes,no,10.1016/j.jneumeth.2006.02.020,,,,,3D-Registration,no,no,no,Journal of Neuroscience Methods
2015,"Sergejeva, Marina; Papp, Eszter A.; Bakker, Rembrandt; Gaudnek, Manuel A.; Okamura-Oho, Yuko; Boline, Jyl; Bjaalie, Jan G.; Hess, Andreas",Anatomical landmarks for registration of experimental image data to volumetric rodent brain atlasing templates,anatomical_landmarks.png,https://www.sciencedirect.com/science/article/pii/S0165027014003975,no,no,10.1016/j.jneumeth.2014.11.005,,,,,3D-Registration,no,no,no,Journal of Neuroscience Methods
2004,"Papadimitriou, C.; Yapijakis, C.; Davaki, P.",Use of truncated pyramid representation methodology in three-dimensional reconstruction: an example,truncated_pyramid.png,https://onlinelibrary.wiley.com/doi/abs/10.1111/j.0022-2720.2004.01298.x,yes,no,10.1111/j.0022-2720.2004.01298.x,,,,,3D-Registration,no,no,no,Journal of Microscopy
1995,"Humm, J. L.; Macklis, R. M.; Lu, X. Q.; Yang, Y.; Bump, K.; Beresford, B.; Chin, L. M.",The spatial accuracy of cellular dose estimates obtained from 3D reconstructed serial tissue autoradiographs,humm.png,https://doi.org/10.1088/0031-9155/40/1/014,yes,no,10.1088/0031-9155/40/1/014,,,,,3D-Registration,no,no,no,Physics in Medicine and Biology
2021,"Udvary, Daniel; Harth, Philipp; Macke, Jakob H.; Hege, Hans-Christian; Kock, Christiaan P. J. de; Sakmann, Bert; Oberlaender, Marcel",The Impact of Neuron Morphology on Cortical Network Architecture,udvary2021.png,https://www.biorxiv.org/content/10.1101/2020.11.13.381087v4,no,yes,,,,Connectivity-Extraction,,,no,no,no,
2016,"Plaza, Stephen",Focused Proofreading to Reconstruct Neural Connectomes from EM Images at Scale,focused_proofreading.png,https://link.springer.com/chapter/10.1007/978-3-319-46976-8_26,no,yes,10.1007/978-3-319-46976-8_26,,Guided-Automatic,,,,no,no,no,
2018,"Dimitriev, K.; Parag, T.; Matejek, Brian; Kaufman, A.; Pfister, H.",Efficient Correction for EM Connectomics with Skeletal Representation,dimitriev_correction.png,http://bmvc2018.org/contents/papers/0064.pdf,no,yes,,,Guided-Automatic,,,,no,no,no,BMVC
2011,"Peng, Hanchuan; Chung, Phuong; Long, Fuhui; Qu, Lei; Jenett, Arnim; Seeds, Andrew M.; Myers, Eugene W.; Simpson, Julie H.",BrainAligner: 3D registration atlases of Drosophila brains,brain_aligner.png,https://www.nature.com/articles/nmeth.1602,no,no,10.1038/nmeth.1602,,,,,3D-Registration,no,no,no,Nature Methods
2008,"Lee, Sang-Chul; Bajcsy, Peter",Trajectory fusion for three-dimensional volume reconstruction,trajectory_fusion.png,https://www.sciencedirect.com/science/article/pii/S107731420700032X,yes,no,10.1016/j.cviu.2007.02.005,,,,,3D-Registration,no,no,no,Computer Vision and Image Understanding
1989,"Bookstein, F.L.",Principal warps: thin-plate splines and the decomposition of deformations,thin_plate_spine.png,https://ieeexplore.ieee.org/abstract/document/24792?casa_token=zz7VptFcB5YAAAAA:twMNk13pgkzLs3Vi7TZ2txLEvut1YCC6XpDWhzocDgVzUv6jIApqXUpuWtpc9JJ_1ldgJYw,no,no,10.1109/34.24792,,,,,3D-Registration,no,no,no,IEEE Transactions on Pattern Analysis and Machine Intelligence
2015,"Bria, Alessandro; Iannello, Giulio; Peng, Hanchuan",An open-source VAA3D plugin for real-time 3D visualization of terabyte-sized volumetric images,bria_vaa3d_volume.png,https://ieeexplore.ieee.org/abstract/document/7163925?casa_token=IEv0bpZTiNkAAAAA:JwrWbv5SwRULxbMggrpciKDTt7bP9gx94F1XC32XdbXZC4z5jxj39po6yqK5GS17sOnwtWE,no,yes,10.1109/ISBI.2015.7163925,,,,,3D-Registration,no,no,yes,2015 IEEE 12th International Symposium on Biomedical Imaging (ISBI)
2014,"Dercksen, Vincent J.; Hege, Hans-Christian; Oberlaender, Marcel","The Filament Editor: an interactive software environment for visualization, proof-editing and analysis of 3D neuron morphology",filament_editor.png,https://link.springer.com/article/10.1007/s12021-013-9213-2,no,no,10.1007/s12021-013-9213-2,,,,,3D-Registration,no,no,no,Neuroinformatics
2011,"Luzzati, Federico; Fasolo, Aldo; Peretto, Paolo",Combining Confocal Laser Scanning Microscopy with Serial Section Reconstruction in the Study of Adult Neurogenesis,luzzati_confocal.png,https://www.frontiersin.org/article/10.3389/fnins.2011.00070,yes,no,,,,,,3D-Registration,no,no,no,Frontiers in Neuroscience
2011,"Hogrebe, Luke; Paiva, Antonio R. C.; Jurrus, Elizabeth; Christensen, Cameron; Bridge, Michael; Korenberg, J.R.; Tasdizen, Tolga",Trace driven registration of neuron confocal microscopy stacks,tracedriven_reg.png,https://ieeexplore.ieee.org/abstract/document/5872649?casa_token=1LoW3NSvbqkAAAAA:5oX0il_SL9-QmQU3oFjnGd2ks5bnhnYzq3ttx1aaGFl4UwSG8ZUQA7Rw2AWawfcpXmKiaN0,yes,no,10.1109/ISBI.2011.5872649,,,,,3D-Registration,no,no,no,2011 IEEE International Symposium on Biomedical Imaging: From Nano to Macro
2009,"Dercksen, V.J.; Weber, B.; Gunther, D.; Oberlaender, M.; Prohaska, S.; Hege, H.-C.",Automatic alignment of stacks of filament data,alignment_filaments.png,https://ieeexplore.ieee.org/abstract/document/5193216?casa_token=fEl97BOGUmYAAAAA:GhkEp8Qt_k059CyVUQdwY_tqb4wO9CxKdSdk3NVJWujnU2n828zy4ohySPG7Yf3Xl5Yvkns,yes,no,10.1109/ISBI.2009.5193216,,,,,3D-Registration,no,no,no,2009 IEEE International Symposium on Biomedical Imaging: From Nano to Macro
2017,"Chen, Hanbo; Iascone, Daniel Maxim; da Costa, Nuno Maçarico; Lein, Ed S.; Liu, Tianming; Peng, Hanchuan",Fast assembling of neuron fragments in serial 3D sections,assembling_neurons.png,http://link.springer.com/10.1007/s40708-017-0063-9,no,yes,10.1007/s40708-017-0063-9,,,Automatic,,3D-Registration,no,no,no,Brain Informatics
2021,"Lin, Zudi; Wei, Donglai; Lichtman, Jeff; Pfister, Hanspeter",PyTorch Connectomics: A Scalable and Flexible Segmentation Framework for EM Connectomics,pytorch.png,http://arxiv.org/abs/2112.05754,yes,yes,,,,Automatic,,,no,no,no,"arXiv:2112.05754 [cs, eess, q-bio]"
2021,"Liu, Yi; Ji, Shuiwang",CleftNet: Augmented Deep Learning for Synaptic Cleft Detection from Brain Electron Microscopy,cleftnet.png,https://ieeexplore.ieee.org/abstract/document/9455137?casa_token=NAm_PSRzr-sAAAAA:pUBL3CGHrt4_FZ1H-6TapeMOnjwiqVZra9qiEqNIAp14jRg-DXA_ZxZKzCahuWcAPXiTcEQ,no,yes,,,,Connectivity-Extraction,,,no,no,no,IEEE Transactions on Medical Imaging
2021,"Isensee, Fabian; Jaeger, Paul F; Kohl, Simon AA; Petersen, Jens; Maier-Hein, Klaus H",nnU-Net: a self-configuring method for deep learning-based biomedical image segmentation,nnUNet.png,https://www.nature.com/articles/s41592-020-01008-z,yes,yes,,,,Automatic,,,no,no,no,Nature methods
2018,"Januszewski, Michal; Kornfeld, Joergen; Li, Peter H; Pope, Art; Blakely, Tim; Lindsey, Larry; Maitin-Shepard, Jeremy; Tyka, Mike; Denk, Winfried; Jain, Viren",High-precision automated reconstruction of neurons with flood-filling networks,Januszewski_ffn.png,https://www.nature.com/articles/s41592-018-0049-4,no,yes,,,,Automatic,,,no,no,no,Nature methods
2018,"Haberl, Matthias G; Churas, Christopher; Tindall, Lucas; Boassa, Daniela; Phan, Sébastien; Bushong, Eric A; Madany, Matthew; Akay, Raffi; Deerinck, Thomas J; Peltier, Steven T; others",CDeep3M—Plug-and-Play cloud-based deep learning for image segmentation,CDeep3M.png,https://www.nature.com/articles/s41592-018-0106-z,yes,yes,,,,Interactive,,,no,no,no,Nature methods
2019,"Urakubo, Hidetoshi; Bullmann, Torsten; Kubota, Yoshiyuki; Oba, Shigeyuki; Ishii, Shin",UNI-EM: An environment for deep neural network-based automated segmentation of neuronal electron microscopic images,uni-EM.png,nature.com/articles/s41598-019-55431-0.pdf,no,yes,,,,Interactive,,,no,no,no,Scientific reports
2017,"Zeng, Tao; Wu, Bian; Ji, Shuiwang",DeepEM3D: approaching human-level performance on 3D anisotropic EM image segmentation,deepEM3D.png,https://academic.oup.com/bioinformatics/article/33/16/2555/3096435?login=true,no,yes,,,,Automatic,,,no,no,no,Bioinformatics
2017,"Lee, Kisuk; Zung, Jonathan; Li, Peter; Jain, Viren; Seung, H Sebastian",Superhuman accuracy on the SNEMI3D connectomics challenge,superhuman.png,https://arxiv.org/abs/1706.00120,no,yes,,,,Automatic,,,no,no,no,arXiv preprint arXiv:1706.00120
2017,"Funke, Jan; Tschopp, Fabian David; Grisaitis, William; Singh, Chandan",A deep structured learning approach towards automating connectome reconstruction from 3d electron micrographs,funke_deep.png,,no,yes,,,,Automatic,,,no,no,no,
2018,"Huang, Gary B.; Scheffer, Louis K.; Plaza, Stephen M.",Fully-Automatic Synapse Prediction and Validation on a Large Data Set,huang_synapse.png,https://www.frontiersin.org/article/10.3389/fncir.2018.00087/full,no,yes,10.3389/fncir.2018.00087,,,Automatic,,,no,no,no,Frontiers in Neural Circuits
2017,"Tinati, Ramine; Luczak-Roesch, Markus; Simperl, Elena; Hall, Wendy","An investigation of player motivations in Eyewire, a gamified citizen science project",tinati.png,https://www.sciencedirect.com/science/article/pii/S0747563216309037,no,no,,,Crowdsourced,,,,no,no,no,Computers in Human Behavior
2005,"Fiala, J. C.",Reconstruct: a free editor for serial section microscopy,reconstruct.png,https://onlinelibrary.wiley.com/doi/abs/10.1111/j.1365-2818.2005.01466.x,yes,yes,10.1111/j.1365-2818.2005.01466.x,,,,,3D-Registration,no,no,no,Journal of Microscopy
2017,"Rolnick, D.; Meirovitch, Yaron; Parag, T.; Pfister, H.; Jain, Viren; Lichtman, J.; Boyden, E.; Shavit, N.",Morphological Error Detection in 3D Segmentations,rolnick.png,https://arxiv.org/abs/1705.10882,no,yes,,,Guided-Automatic,,,,no,no,no,ArXiv
2020,Janelia Farm,NeuroProof,neuroproof.png,https://github.com/janelia-flyem/NeuroProof,no,yes,,,Guided-Automatic,,,,no,no,no,
,,Raveler: An interface for proofreading and annotating electron microscopy stacks,raveler.png,,no,yes,,,Semi-Automatic,,,,no,no,no,
2021,"Boorboor, Saeed; Mathew, Shawn; Ananth, Mala; Talmage, David; Role, Lorna W; Kaufman, Arie E.",NeuRegenerate: A Framework for Visualizing Neurodegeneration,neuregenerate.png,https://ieeexplore.ieee.org/abstract/document/9610985?casa_token=zPZwZ0-RVecAAAAA:AtA_lHJOWpnc8JT9xz-C0an9ogeAMevFIgzTkQEfxoSST5JyLdwCvLyx8HbnBe7RlaOFto0,no,no,10.1109/TVCG.2021.3127132,,,,,,no,no,no,IEEE Transactions on Visualization and Computer Graphics
2017,"Magliaro, Chiara; Callara, Alejandro L.; Vanello, Nicola; Ahluwalia, Arti",A Manual Segmentation Tool for Three-Dimensional Neuron Datasets,mansegtool.png,https://www.frontiersin.org/article/10.3389/fninf.2017.00036,yes,no,,,,Interactive,,,no,no,no,Frontiers in Neuroinformatics
2004,"Pieper, S.; Halle, M.; Kikinis, R.",3D Slicer,3D_slicer.png,https://ieeexplore.ieee.org/abstract/document/1398617,no,no,10.1109/ISBI.2004.1398617,,,Interactive,,,no,no,no,2004 2nd IEEE International Symposium on Biomedical Imaging: Nano to Macro (IEEE Cat No. 04EX821)
2013,"Xiao, Hang; Peng, Hanchuan",APP2: automatic tracing of 3D neuron morphology based on hierarchical pruning of a gray-weighted image distance-tree,app2.png,https://academic.oup.com/bioinformatics/article-lookup/doi/10.1093/bioinformatics/btt170,no,no,10.1093/bioinformatics/btt170,,,Automatic,,,no,no,no,Bioinformatics
2019,"Yang, Jian; Hao, Ming; Liu, Xiaoyang; Wan, Zhijiang; Zhong, Ning; Peng, Hanchuan",FMST: an Automatic Neuron Tracing Method Based on Fast Marching and Minimum Spanning Tree,fmst.png,https://doi.org/10.1007/s12021-018-9392-y,no,no,10.1007/s12021-018-9392-y,,,Automatic,,,no,no,no,Neuroinformatics
2014,"Basu, Sreetama; Racoceanu, Daniel",Reconstructing neuronal morphology from microscopy stacks using fast marching,basu_fastmarching.png,https://ieeexplore.ieee.org/abstract/document/7025730?casa_token=NEsxMhCYVgoAAAAA:kkGkMatPVbL9mN3Icfmuokh9zIFSk05HK8O111JsbhrkmFY3J_4mXFZ-CI0wpidtpa9AD_4,yes,no,10.1109/ICIP.2014.7025730,,,Automatic,,,no,no,no,2014 IEEE International Conference on Image Processing (ICIP)
2019,"Li, Shiwei; Quan, Tingwei; Xu, Cheng; Huang, Qing; Kang, Hongtao; Chen, Yijun; Li, Anan; Fu, Ling; Luo, Qingming; Gong, Hui; Zeng, Shaoqun",Optimization of Traced Neuron Skeleton Using Lasso-Based Model,optimization_lasso.png,https://www.frontiersin.org/article/10.3389/fnana.2019.00018,no,no,,,,Automatic,,,no,no,no,Frontiers in Neuroanatomy
2011,"Wang, Yu; Narayanaswamy, Arunachalam; Tsai, Chia-Ling; Roysam, Badrinath",A Broadly Applicable 3-D Neuron Tracing Method Based on Open-Curve Snake,wang_snake.png,https://doi.org/10.1007/s12021-011-9110-5,yes,no,10.1007/s12021-011-9110-5,,,Automatic,,,no,no,no,Neuroinformatics
2016,"Quan, Tingwei; Zhou, Hang; Li, Jing; Li, Shiwei; Li, Anan; Li, Yuxin; Lv, Xiaohua; Luo, Qingming; Gong, Hui; Zeng, Shaoqun",NeuroGPS-Tree: automatic reconstruction of large-scale neuronal populations with dense neurites,neurogps_tree.png,https://www.nature.com/articles/nmeth.3662,no,yes,10.1038/nmeth.3662,,,Automatic,,,no,no,no,Nature Methods
2011,"Longair, M. H.; Baker, D. A.; Armstrong, J. D.","Simple Neurite Tracer: open source software for reconstruction, visualization and analysis of neuronal processes",simple_tracer.png,https://academic.oup.com/bioinformatics/article-lookup/doi/10.1093/bioinformatics/btr390,no,no,10.1093/bioinformatics/btr390,,,Automatic,,,no,no,no,Bioinformatics
2011,"Peng, H.; Long, F.; Myers, G.",Automatic 3D neuron tracing using all-path pruning,peng_tracing.png,https://academic.oup.com/bioinformatics/article-lookup/doi/10.1093/bioinformatics/btr237,no,no,10.1093/bioinformatics/btr237,,,Automatic,,,no,no,no,Bioinformatics
2010,"Peng, Hanchuan; Ruan, Zongcai; Long, Fuhui; Simpson, Julie H; Myers, Eugene W",V3D enables real-time 3D visualization and quantitative analysis of large-scale biological image data sets,V3D.png,https://www.nature.com/articles/nbt.1612,yes,yes,,Spatial-Exploration,,,,,no,no,no,Nature biotechnology
2015,"Eberle, A.L.; Mikula, S.; Schalek, R.; Lichtman, J.; Tate, M.L. Knothe; Zeidler, D.","High-resolution, high-throughput imaging with a multibeam scanning electron microscope.",multibeam15.png,https://onlinelibrary.wiley.com/doi/10.1111/jmi.12224,no,yes,10.1111/jmi.12224,,,,Nanoscale,,no,no,no,Journal of Microscopy
2018,"Eberle, Anna Lena; Zeidler, Dirk",Multi-Beam Scanning Electron Microscopy for High-Throughput Imaging in Connectomics Research,multibeam.png,https://www.frontiersin.org/article/10.3389/fnana.2018.00112/full,no,yes,10.3389/fnana.2018.00112,,,,Vis-for-Acquisition,,no,no,no,Frontiers in Neuroanatomy
2018,"Parag, Toufiq; Berger, Daniel; Kamentsky, Lee; Staffler, Benedikt; Wei, Donglai; Helmstaedter, Moritz; Lichtman, Jeff W.; Pfister, Hanspeter",Detecting Synapse Location and Connectivity by Signed Proximity Estimation and Pruning with Deep Nets,parag18.png,http://arxiv.org/abs/1807.02739,no,yes,,,,Automatic,,,no,no,no,arXiv:1807.02739 [cs]
2005,"Bussolati, G.; Marchiò, Caterina; Volante, M.",Tissue arrays as fiducial markers for section alignment in 3‐D reconstruction technology,tissue_arrays.png,https://www.ncbi.nlm.nih.gov/pmc/articles/PMC6740281/,no,no,10.1111/j.1582-4934.2005.tb00368.x,,,,,3D-Registration,no,no,no,Journal of Cellular and Molecular Medicine
2017,"Matejek, Brian; Haehn, Daniel; Lekschas, Fritz; Mitzenmacher, Michael; Pfister, Hanspeter",Compresso: Efficient compression of segmentation data for connectomics,compresso.png,https://link.springer.com/chapter/10.1007/978-3-319-66182-7_89,no,yes,,Data-Structures,,,,,no,no,no,International Conference on Medical Image Computing and Computer-Assisted Intervention
2015,"Papadopoulos, Charilaos; Petkov, Kaloian; Kaufman, Arie E.; Mueller, Klaus",The Reality Deck–an Immersive Gigapixel Display,reality_deck.png,https://ieeexplore.ieee.org/abstract/document/6866849?casa_token=LqYvj7zSynEAAAAA:BgE3JeLoN4Nvdu2_7Cu9ZK0HV7EFxijRcVV45Lft1nzzRcXS7pm6-GKm_b-XRqUkPk1IYig,no,no,10.1109/MCG.2014.80,Spatial-Exploration,,Interactive,,,no,no,no,IEEE Computer Graphics and Applications
2002,"De Floriani, Leila; Magillo, Paola",Multiresolution mesh representation: Models and data structures,defloriani.png,https://link.springer.com/chapter/10.1007/978-3-662-04388-2_13,no,no,,Data-Structures,,,,,no,no,no,Tutorials on Multiresolution in Geometric Modelling
2022,"Galligan, Frank; Hemmer, Michael; Stava, Ondrej; Zhang, Fang; Brettle, Jamieson",Google/draco: a library for compressing and decompressing 3d geometric meshes and point clouds,draco.png,https://github.com/google/draco,no,no,,Data-Structures,,,,,no,no,no,
2019,"Berg, Stuart; Kutra, Dominik; Kroeger, Thorben; Straehle, Christoph N; Kausler, Bernhard X; Haubold, Carsten; Schiegg, Martin; Ales, Janez; Beier, Thorsten; Rudy, Markus; others",Ilastik: interactive machine learning for (bio) image analysis,ilastik.png,https://www.nature.com/articles/s41592-019-0582-9,no,no,,,,Interactive,,,no,no,yes,Nature Methods
2020,"Yin, Wenjing; Brittain, Derrick; Borseth, Jay; Scott, Marie E.; Williams, Derric; Perkins, Jedediah; Own, Christopher S.; Murfitt, Matthew; Torres, Russel M.; Kapner, Daniel; Mahalingam, Gayathri; Bleckert, Adam; Castelli, Daniel; Reid, David; Lee, Wei-Chung Allen; Graham, Brett J.; Takeno, Marc; Bumbarger, Daniel J.; Farrell, Colin; Reid, R. Clay; da Costa, Nuno Macarico",A petascale automated imaging pipeline for mapping neuronal circuits with high-throughput transmission electron microscopy,,https://www.nature.com/articles/s41467-020-18659-3,,,10.1038/s41467-020-18659-3,,,,,,,,,Nature Communications
2019,"Katz, William T.; Plaza, Stephen M.",DVID: Distributed Versioned Image-Oriented Dataservice,,https://www.frontiersin.org/article/10.3389/fncir.2019.00005/full,,,10.3389/fncir.2019.00005,,,,,,,,,Frontiers in Neural Circuits
2019,"Schubert, Philipp J.; Dorkenwald, Sven; Januszewski, Michał; Jain, Viren; Kornfeld, Joergen",Learning cellular morphology with neural networks,,http://www.nature.com/articles/s41467-019-10836-3,,,10.1038/s41467-019-10836-3,,,,,,,,,Nature Communications
2022,"Velicky, Philipp; Miguel, Eder; Michalska, Julia M.; Wei, Donglai; Lin, Zudi; Watson, Jake F.; Troidl, Jakob; Beyer, Johanna; Ben-Simon, Yoav; Sommer, Christoph; Jahr, Wiebke; Cenameri, Alban; Broichhagen, Johannes; Grant, Seth G. N.; Jonas, Peter; Novarino, Gaia; Pfister, Hanspeter; Bickel, Bernd; Danzl, Johann G.",Saturated reconstruction of living brain tissue,,http://biorxiv.org/lookup/doi/10.1101/2022.03.16.484431,,,,,,,,,,,,
2022,"Bonney, Stephanie K.; Coelho-Santos, Vanessa; Huang, Sheng-Fu; Takeno, Marc; Kornfeld, Joergen; Keller, Annika; Shih, Andy Y.",Public volume electron microscopy data: An essential resource to study the brain microvasculature,,http://biorxiv.org/lookup/doi/10.1101/2022.02.20.481154,,,,,,,,,,,,
2022,"Hider, Robert; Kleissas, Dean; Gion, Timothy; Xenes, Daniel; Matelsky, Jordan; Pryor, Derek; Rodriguez, Luis; Johnson, Erik C.; Gray-Roncal, William; Wester, Brock",The Brain Observatory Storage Service and Database (BossDB): A Cloud-Native Approach for Petascale Neuroscience Discovery,,https://www.frontiersin.org/articles/10.3389/fninf.2022.828787/full,,,10.3389/fninf.2022.828787,,,,,,,,,Frontiers in Neuroinformatics
2021,"Mu, Shang; Yu, Szi-chieh; Turner, Nicholas L.; McKellar, Claire E.; Dorkenwald, Sven; Collman, Forrest; Koolman, Selden; Moore, Merlin; Morejohn, Sarah; Silverman, Ben; Willie, Kyle; Willie, Ryan; Bland, Doug; Burke, Austin; Ashwood, Zoe; Luther, Kyle; Castro, Manuel; Ogedengbe, Oluwaseun; Silversmith, William; Wu, Jingpeng; Halageri, Akhilesh; Macrina, Thomas; Kemnitz, Nico; Murthy, Mala; Seung, H. Sebastian",3D reconstruction of cell nuclei in a full Drosophila brain,,http://biorxiv.org/lookup/doi/10.1101/2021.11.04.467197,,,,,,,,,,,,
2021,"Choi, Junyoung; Hildebrand, David Grant Colburn; Moon, Jungmin; Quan, Tran Minh; Tuan, Tran Anh; Ko, Sungahn; Jeong, Won-Ki",ZeVis: A Visual Analytics System for Exploration of a Larval Zebrafish Brain in Serial-Section Electron Microscopy Images,,https://ieeexplore.ieee.org/document/9440958/,,,10.1109/ACCESS.2021.3084066,,,,,,,,,IEEE Access
2021,"Lin, Zudi; Wei, Donglai; Petkova, Mariela D.; Wu, Yuelong; Ahmed, Zergham; K, Krishna Swaroop; Zou, Silin; Wendt, Nils; Boulanger-Weill, Jonathan; Wang, Xueying; Dhanyasi, Nagaraju; Arganda-Carreras, Ignacio; Engert, Florian; Lichtman, Jeff; Pfister, Hanspeter",NucMM Dataset: 3D Neuronal Nuclei Instance Segmentation at Sub-Cubic Millimeter Scale,,https://link.springer.com/10.1007/978-3-030-87193-2_16,,,,,,,,,,,,Medical Image Computing and Computer Assisted Intervention – MICCAI 2021
2020,"Wei, Donglai; Lin, Zudi; Franco-Barranco, Daniel; Wendt, Nils; Liu, Xingyu; Yin, Wenjie; Huang, Xin; Gupta, Aarush; Jang, Won-Dong; Wang, Xueying; Arganda-Carreras, Ignacio; Lichtman, Jeff W.; Pfister, Hanspeter",MitoEM Dataset: Large-Scale 3D Mitochondria Instance Segmentation from EM Images,,https://link.springer.com/10.1007/978-3-030-59722-1_7,,,,,,,,,,,,Medical Image Computing and Computer Assisted Intervention – MICCAI 2020
2021,"Wei, Donglai; Lee, Kisuk; Li, Hanyu; Lu, Ran; Bae, J. Alexander; Liu, Zequan; Zhang, Lifu; dos Santos, Márcia; Lin, Zudi; Uram, Thomas; Wang, Xueying; Arganda-Carreras, Ignacio; Matejek, Brian; Kasthuri, Narayanan; Lichtman, Jeff; Pfister, Hanspeter",AxonEM Dataset: 3D Axon Instance Segmentation of Brain Cortical Regions,,https://link.springer.com/10.1007/978-3-030-87193-2_17,,,,,,,,,,,,Medical Image Computing and Computer Assisted Intervention – MICCAI 2021
2021,"Silversmith, William; Bae, J. Alexander; Li, Peter H.; Wilson, A.M.",seung-lab/kimimaro: Zenodo Release v1,,https://zenodo.org/record/5539913,,,,,,,,,,,,
2021,"Arshadi, Cameron; Günther, Ulrik; Eddison, Mark; Harrington, Kyle I. S.; Ferreira, Tiago A.",SNT: a unifying toolbox for quantification of neuronal anatomy,,http://www.nature.com/articles/s41592-021-01105-7,,,10.1038/s41592-021-01105-7,,,,,,,,,Nature Methods
2019,"Winnubst, Johan; Bas, Erhan; Ferreira, Tiago A.; Wu, Zhuhao; Economo, Michael N.; Edson, Patrick; Arthur, Ben J.; Bruns, Christopher; Rokicki, Konrad; Schauder, David; Olbris, Donald J.; Murphy, Sean D.; Ackerman, David G.; Arshadi, Cameron; Baldwin, Perry; Blake, Regina; Elsayed, Ahmad; Hasan, Mashtura; Ramirez, Daniel; Dos Santos, Bruno; Weldon, Monet; Zafar, Amina; Dudman, Joshua T.; Gerfen, Charles R.; Hantman, Adam W.; Korff, Wyatt; Sternson, Scott M.; Spruston, Nelson; Svoboda, Karel; Chandrashekar, Jayaram","Reconstruction of 1,000 Projection Neurons Reveals New Cell Types and Organization of Long-Range Connectivity in the Mouse Brain",,https://linkinghub.elsevier.com/retrieve/pii/S0092867419308426,,,10.1016/j.cell.2019.07.042,,,,,,,,,Cell
2015,"Freeman, Jeremy",Open source tools for large-scale neuroscience,,https://linkinghub.elsevier.com/retrieve/pii/S0959438815000756,,,10.1016/j.conb.2015.04.002,,,,,,,,,Current Opinion in Neurobiology
2021,"Phelps, Jasper S.; Hildebrand, David Grant Colburn; Graham, Brett J.; Kuan, Aaron T.; Thomas, Logan A.; Nguyen, Tri M.; Buhmann, Julia; Azevedo, Anthony W.; Sustar, Anne; Agrawal, Sweta; Liu, Mingguan; Shanny, Brendan L.; Funke, Jan; Tuthill, John C.; Lee, Wei-Chung Allen",Reconstruction of motor control circuits in adult Drosophila using automated transmission electron microscopy,,https://linkinghub.elsevier.com/retrieve/pii/S0092867420316834,,,10.1016/j.cell.2020.12.013,,,,,,,,,Cell
2019,"Meirovitch, Yaron; Mi, Lu; Saribekyan, Hayk; Matveev, Alexander; Rolnick, David; Shavit, Nir",Cross-Classification Clustering: An Efficient Multi-Object Tracking Technique for 3-D Instance Segmentation in Connectomics,,,,,,,,,,,,,,Proceedings of the IEEE/CVF Conference on Computer Vision and Pattern Recognition (CVPR)
2016,"Mwalongo, F.; Krone, M.; Reina, G.; Ertl, T.",State-of-the-Art Report in Web-based Visualization,,https://onlinelibrary.wiley.com/doi/10.1111/cgf.12929,,,10.1111/cgf.12929,,,,,,,,,Computer Graphics Forum
2018,"Abdellah, Marwan; Hernando, Juan; Eilemann, Stefan; Lapere, Samuel; Antille, Nicolas; Markram, Henry; Schürmann, Felix",NeuroMorphoVis: a collaborative framework for analysis and visualization of neuronal morphology skeletons reconstructed from microscopy stacks,,https://academic.oup.com/bioinformatics/article/34/13/i574/5045775,,,10.1093/bioinformatics/bty231,,,,,,,,,Bioinformatics
2020,"Friedmann, Drew; Pun, Albert; Adams, Eliza L.; Lui, Jan H.; Kebschull, Justus M.; Grutzner, Sophie M.; Castagnola, Caitlin; Tessier-Lavigne, Marc; Luo, Liqun",Mapping mesoscale axonal projections in the mouse brain using a 3D convolutional network,,https://pnas.org/doi/full/10.1073/pnas.1918465117,,,10.1073/pnas.1918465117,,,,,,,,,Proceedings of the National Academy of Sciences
2017,"Ma, Chihua; Pellolio, Filippo; Llano, Daniel A.; Stebbings, Kevin Ambrose; Kenyon, Robert V.; Elisabeta Marai, G.",RemBrain: Exploring Dynamic Biospatial Networks with Mosaic Matrices and Mirror Glyphs,,https://library.imaging.org/jist/articles/61/6/art00005,,,10.2352/J.ImagingSci.Technol.2017.61.6.060404,,,,,,,,,Journal of Imaging Science and Technology
2016,"Ma, Chihua; Forbes, Angus G; Llano, Daniel A; Berger-Wolf, Tanya; Kenyon, Robert V",SwordPlots: Exploring Neuron Behavior within Dynamic Communities of Brain Networks,,https://library.imaging.org/ei/articles/28/16/art00051,,,10.2352/ISSN.2470-1173.2016.16.HVEI-134,,,,,,,,,Electronic Imaging
2015,"Callaway, Edward M.; Luo, Liqun",Monosynaptic Circuit Tracing with Glycoprotein-Deleted Rabies Viruses,,https://www.jneurosci.org/content/35/24/8979,,,10.1523/JNEUROSCI.0409-15.2015,,,,,,,,,Journal of Neuroscience
1999,"Lowe, D.G.",Object recognition from local scale-invariant features,,,,,10.1109/ICCV.1999.790410,,,,,,,,,Proceedings of the Seventh IEEE International Conference on Computer Vision
2011,"Bock, Davi D.; Lee, Wei-Chung Allen; Kerlin, Aaron M.; Andermann, Mark L.; Hood, Greg; Wetzel, Arthur W.; Yurgenson, Sergey; Soucy, Edward R.; Kim, Hyon Suk; Reid, R. Clay",Network anatomy and in vivo physiology of visual cortical neurons,,http://www.nature.com/articles/nature09802,,,10.1038/nature09802,,,,,,,,,Nature
2020,"Rossi, L. Federico; Harris, Kenneth D.; Carandini, Matteo",Spatial connectivity matches direction selectivity in visual cortex,,https://www.nature.com/articles/s41586-020-2894-4,,,10.1038/s41586-020-2894-4,,,,,,,,,Nature
2015,"Wertz, Adrian; Trenholm, Stuart; Yonehara, Keisuke; Hillier, Daniel; Raics, Zoltan; Leinweber, Marcus; Szalay, Gergely; Ghanem, Alexander; Keller, Georg; Rózsa, Balázs; Conzelmann, Karl-Klaus; Roska, Botond",Single-cell–initiated monosynaptic tracing reveals layer-specific cortical network modules,,https://www.science.org/doi/10.1126/science.aab1687,,,10.1126/science.aab1687,,,,,,,,,Science
2007,"Livet, Jean; Weissman, Tamily A.; Kang, Hyuno; Draft, Ryan W.; Lu, Ju; Bennis, Robyn A.; Sanes, Joshua R.; Lichtman, Jeff W.",Transgenic strategies for combinatorial expression of fluorescent proteins in the nervous system,,http://www.nature.com/articles/nature06293,,,10.1038/nature06293,,,,,,,,,Nature
2014,"Weaver, Charlotte; Bruns, Christopher; Helvensteijn, Michiel",Sharkviewer 1.1,,https://zenodo.org/record/11290,,,,,,,,,,,,
2022,"Hubbard, Philip",neuVid,,https://github.com/connectome-neuprint/neuVid,,,,,,,,,,,,
2022,"Lauenburg, Leander; Lin, Zudi; Zhang, Ruihan; Santos, Márcia dos; Huang, Siyu; Arganda-Carreras, Ignacio; Boyden, Edward S.; Pfister, Hanspeter; Wei, Donglai",Instance Segmentation of Unlabeled Modalities via Cyclic Segmentation GAN,,http://arxiv.org/abs/2204.03082,,,,,,,,,,,,arXiv:2204.03082 [cs]
2022,"Troidl, Jakob; Cali, Corrado; Gröller, Eduard; Pfister, Hanspeter; Hadwiger, Markus; Beyer, Johanna",Barrio: Customizable Spatial Neighborhood Analysis and Comparison for Nanoscale Brain Structures,,,,,,,,,,,,,,"Computer Graphics Forum (Proceedings Eurographics/IEEE Symposium on Visualization, Eurovis 2022"
2009,"Greg, Hood",AlignTK,,https://mmbios.pitt.edu/aligntk-home,,,,,,,,,,,,
2021,"Sheridan, Arlo; Nguyen, Tri; Deb, Diptodip; Lee, Wei-Chung Allen; Saalfeld, Stephan; Turaga, Srini; Manor, Uri; Funke, Jan",Local Shape Descriptors for Neuron Segmentation,,http://biorxiv.org/lookup/doi/10.1101/2021.01.18.427039,,,,,,,,,,,,
2021,"Lee, Kisuk; Lu, Ran; Luther, Kyle; Seung, H. Sebastian",Learning and Segmenting Dense Voxel Embeddings for 3D Neuron Reconstruction,,https://ieeexplore.ieee.org/document/9489304/,,,10.1109/TMI.2021.3097826,,,,,,,,,IEEE Transactions on Medical Imaging
2021,"Quan, Tran Minh; Hildebrand, David Grant Colburn; Jeong, Won-Ki",FusionNet: A Deep Fully Residual Convolutional Neural Network for Image Segmentation in Connectomics,,https://www.frontiersin.org/articles/10.3389/fcomp.2021.613981/full,,,10.3389/fcomp.2021.613981,,,,,,,,,Frontiers in Computer Science
2014,"Hayworth, Kenneth J.; Morgan, Josh L.; Schalek, Richard; Berger, Daniel R.; Hildebrand, David G. C.; Lichtman, Jeff W.",Imaging ATUM ultrathin section libraries with WaferMapper: a multi-scale approach to EM reconstruction of neural circuits,,https://www.frontiersin.org/article/10.3389/fncir.2014.00068,,,,,,,,,,,,Frontiers in Neural Circuits
2015,"Berning, Manuel; Boergens, Kevin M.; Helmstaedter, Moritz",SegEM: Efficient Image Analysis for High-Resolution Connectomics,,https://linkinghub.elsevier.com/retrieve/pii/S0896627315007606,,,10.1016/j.neuron.2015.09.003,,,,,,,,,Neuron
2017,"Dorkenwald, Sven; Schubert, Philipp J; Killinger, Marius F; Urban, Gregor; Mikula, Shawn; Svara, Fabian; Kornfeld, Joergen",Automated synaptic connectivity inference for volume electron microscopy,,http://www.nature.com/articles/nmeth.4206,,,10.1038/nmeth.4206,,,,,,,,,Nature Methods
2021,"Buhmann, Julia; Sheridan, Arlo; Malin-Mayor, Caroline; Schlegel, Philipp; Gerhard, Stephan; Kazimiers, Tom; Krause, Renate; Nguyen, Tri M.; Heinrich, Larissa; Lee, Wei-Chung Allen; Wilson, Rachel; Saalfeld, Stephan; Jefferis, Gregory S. X. E.; Bock, Davi D.; Turaga, Srinivas C.; Cook, Matthew; Funke, Jan",Automatic detection of synaptic partners in a whole-brain Drosophila electron microscopy data set,,http://www.nature.com/articles/s41592-021-01183-7,,,10.1038/s41592-021-01183-7,,,,,,,,,Nature Methods
2012,"Tapia, Juan Carlos; Kasthuri, Narayanan; Hayworth, Kenneth J.; Schalek, Richard; Lichtman, Jeff W.; Smith, Stephen J.; Buchanan, JoAnn",High-contrast en bloc staining of neuronal tissue for field emission scanning electron microscopy,,https://www.nature.com/articles/nprot.2011.439,,,10.1038/nprot.2011.439,,,,,,,,,Nature Protocols
2020,"Hayworth, Kenneth J.; Peale, David; Januszewski, Michał; Knott, Graham W.; Lu, Zhiyuan; Xu, C. Shan; Hess, Harald F.",Gas cluster ion beam SEM for imaging of large tissue samples with 10 nm isotropic resolution,,https://www.nature.com/articles/s41592-019-0641-2,,,10.1038/s41592-019-0641-2,,,,,,,,,Nature Methods
2010,"Cardona, Albert; Saalfeld, Stephan; Preibisch, Stephan; Schmid, Benjamin; Cheng, Anchi; Pulokas, Jim; Tomancak, Pavel; Hartenstein, Volker",An Integrated Micro- and Macroarchitectural Analysis of the Drosophila Brain by Computer-Assisted Serial Section Electron Microscopy,,https://dx.plos.org/10.1371/journal.pbio.1000502,,,10.1371/journal.pbio.1000502,,,,,,,,,PLoS Biology
2017,"Jain, Viren",Adversarial Image Alignment and Interpolation,,http://arxiv.org/abs/1707.00067,,,,,,,,,,,,arXiv:1707.00067 [cs]
2017,"Yoo, Inwan; Hildebrand, David G. C.; Tobin, Willie F.; Lee, Wei-Chung Allen; Jeong, Won-Ki",ssEMnet: Serial-Section Electron Microscopy Image Registration Using a Spatial Transformer Network with Learned Features,,,,,10.1007/978-3-319-67558-9_29,,,,,,,,,Deep Learning in Medical Image Analysis and Multimodal Learning for Clinical Decision Support
2015,"Hayworth, Kenneth J.; Xu, C. Shan; Lu, Zhiyuan; Knott, Graham W.; Fetter, Richard D.; Tapia, Juan Carlos; Lichtman, Jeff W.; Hess, Harald F.",Ultrastructurally smooth thick partitioning and volume stitching for large-scale connectomics,,https://www.nature.com/articles/nmeth.3292,,,10.1038/nmeth.3292,,,,,,,,,Nature Methods
2020,"Lin, Zudi; Wei, Donglai; Jang, Won-Dong; Zhou, Siyan; Chen, Xupeng; Wang, Xueying; Schalek, Richard; Berger, Daniel; Matejek, Brian; Kamentsky, Lee; others",Two stream active query suggestion for active learning in connectomics,,,,,,,,,,,,,,European Conference on Computer Vision
2019,"Wassie, Asmamaw T; Zhao, Yongxin; Boyden, Edward S",Expansion microscopy: principles and uses in biological research,,,,,,,,,,,,,,Nature methods
2015,"Chen, Fei; Tillberg, Paul W; Boyden, Edward S",Expansion microscopy,,,,,,,,,,,,,,Science